,,IO,AO,BO,CO,DO,AO2,BO2,CO2,DO2,ROMO,RAMO,JMPO,OI,RAMI,MARI,MPAGEI,AI,BI,CI,DI,PCC,HALT,FIRST,CU VALUE,,,IO,AO,BO,CO,DO,AO2,BO2,CO2,DO2,ROMO,RAMO,JMPO,OI,RAMI,MARI,MPAGEI,AI,BI,CI,DI,PCC,HALT,FIRST,CU VALUE,,UNIQUE VALUES,,,ASSEMBLER INST
NOP,NOP-0x0,,,,,,,,,,,,,,,,,,,,,,,0,0,,,,,,,,,,,,,,,,,,,,,,,,,,0,,0,,NOP-0x0,nop
MOV,MOV-0x1,,x,,,,,,,,,,,,,,,,x,,,,,20002,20,,,,,,,,,,,,,,,,,,,,,,,,,,0,,10,,MOV-0x1,mov a b
MOV,MOV-0x2,,x,,,,,,,,,,,,,,,,,x,,,,40002,33,,,,,,,,,,,,,,,,,,,,,,,,,,0,,10001,,MOV-0x2,mov a c
MOV,MOV-0x3,,x,,,,,,,,,,,,,,,,,,x,,,80002,46,,,,,,,,,,,,,,,,,,,,,,,,,,0,,10002,,MOV-0x3,mov a d
MOV,MOV-0x4,,,x,,,,,,,,,,,,,,x,,,,,,10004,4,,,,,,,,,,,,,,,,,,,,,,,,,,0,,10004,,MOV-0x4,mov b a
MOV,MOV-0x5,,,x,,,,,,,,,,,,,,,,x,,,,40004,34,,,,,,,,,,,,,,,,,,,,,,,,,,0,,10008,,MOV-0x5,mov b c
MOV,MOV-0x6,,,x,,,,,,,,,,,,,,,,,x,,,80004,47,,,,,,,,,,,,,,,,,,,,,,,,,,0,,10010,,MOV-0x6,mov b d
MOV,MOV-0x7,,,,x,,,,,,,,,,,,,x,,,,,,10008,5,,,,,,,,,,,,,,,,,,,,,,,,,,0,,1002,,MOV-0x7,mov c a
MOV,MOV-0x8,,,,x,,,,,,,,,,,,,,x,,,,,20008,22,,,,,,,,,,,,,,,,,,,,,,,,,,0,,100200,,MOV-0x8,mov c b
MOV,MOV-0x9,,,,x,,,,,,,,,,,,,,,,x,,,80008,48,,,,,,,,,,,,,,,,,,,,,,,,,,0,,10022,,MOV-0x9,mov c d
MOV,MOV-0xA,,,,,x,,,,,,,,,,,,x,,,,,,10010,6,,,,,,,,,,,,,,,,,,,,,,,,,,0,,1004,,MOV-0xA,mov d a
MOV,MOV-0xB,,,,,x,,,,,,,,,,,,,x,,,,,20010,23,,,,,,,,,,,,,,,,,,,,,,,,,,0,,10042,,MOV-0xB,mov d b
MOV,MOV-0xC,,,,,x,,,,,,,,,,,,,,x,,,,40010,36,,,,,,,,,,,,,,,,,,,,,,,,,,0,,1008,,MOV-0xC,mov d c
MOV,MOV-0xD,,,,,,,,,,,,,,,,,,,,,,,0,0,,,,,,,,,,,,,,,,,,,,,,,,,,0,,10082,,MOV-0xD,
MOV,MOV-0xE,,,,,,,,,,,,,,,,,,,,,,,0,0,,,,,,,,,,,,,,,,,,,,,,,,,,0,,100A00,,MOV-0xE,
MOV,MOV-0xF,,,,,,,,,,,,,,,,,,,,,,,0,0,,,,,,,,,,,,,,,,,,,,,,,,,,0,,1010,,MOV-0xF,
CMP,CMP-0x10,,x,,,,,,,,,,,,,,,,,,,,,2,1D,,,,,,,,,,,,,,,,,,,,,,,,,,0,,10102,,CMP-0x10,cmp a 0
CMP,CMP-0x11,,,x,,,,,,,,,,,,,,,,,,,,4,31,,,,,,,,,,,,,,,,,,,,,,,,,,0,,101200,,CMP-0x11,cmp b 0
CMP,CMP-0x12,,,,x,,,,,,,,,,,,,,,,,,,8,44,,,,,,,,,,,,,,,,,,,,,,,,,,0,,102,,CMP-0x12,cmp c 0
CMP,CMP-0x13,,,,,x,,,,,,,,,,,,,,,,,,10,1,,,,,,,,,,,,,,,,,,,,,,,,,,0,,104,,CMP-0x13,cmp d 0
CMP,CMP-0x14,,x,,,,,,,,,,,,,,,,,,,,,2,1D,,,,,,,,,,,,,,,,,,,,,,,,,,0,,10400,,CMP-0x14,cmp a 1
CMP,CMP-0x15,,,x,,,,,,,,,,,,,,,,,,,,4,31,,,,,,,,,,,,,,,,,,,,,,,,,,0,,104200,,CMP-0x15,cmp b 1
CMP,CMP-0x16,,,,x,,,,,,,,,,,,,,,,,,,8,44,,,,,,,,,,,,,,,,,,,,,,,,,,0,,108,,CMP-0x16,cmp c 1
CMP,CMP-0x17,,,,,x,,,,,,,,,,,,,,,,,,10,1,,,,,,,,,,,,,,,,,,,,,,,,,,0,,110,,CMP-0x17,cmp d 1
CMP,CMP-0x18,,x,,,,,,,,,,,,,,,,,,,,,2,1D,,,,,,,,,,,,,,,,,,,,,,,,,,0,,110200,,CMP-0x18,cmp a -1
CMP,CMP-0x19,,,x,,,,,,,,,,,,,,,,,,,,4,31,,,,,,,,,,,,,,,,,,,,,,,,,,0,,120200,,CMP-0x19,cmp b -1
CMP,CMP-0x1A,,,,x,,,,,,,,,,,,,,,,,,,8,44,,,,,,,,,,,,,,,,,,,,,,,,,,0,,1400,,CMP-0x1A,cmp c -1
CMP,CMP-0x1B,,,,,x,,,,,,,,,,,,,,,,,,10,1,,,,,,,,,,,,,,,,,,,,,,,,,,0,,140200,,CMP-0x1B,cmp d -1
CMP,CMP-0x1C,,x,,,,,,,,,,,,,,,,,,,,,2,1D,,,,,,,,,,,,,,,,,,,,,,,,,,0,,180200,,CMP-0x1C,cmp a 255
CMP,CMP-0x1D,,,x,,,,,,,,,,,,,,,,,,,,4,31,,,,,,,,,,,,,,,,,,,,,,,,,,0,,2,,CMP-0x1D,cmp b 255
CMP,CMP-0x1E,,,,x,,,,,,,,,,,,,,,,,,,8,44,,,,,,,,,,,,,,,,,,,,,,,,,,0,,200000,,CMP-0x1E,cmp c 255
CMP,CMP-0x1F,,,,,x,,,,,,,,,,,,,,,,,,10,1,,,,,,,,,,,,,,,,,,,,,,,,,,0,,20001,,CMP-0x1F,cmp d 255
CMP,CMP-0x20,,x,,,,x,,,,,,,,,,,,,,,,,22,2D,,,,,,,,,,,,,,,,,,,,,,,,,,0,,20002,,CMP-0x20,cmp a a
CMP,CMP-0x21,,x,,,,,x,,,,,,,,,,,,,,,,42,40,,,,,,,,,,,,,,,,,,,,,,,,,,0,,20004,,CMP-0x21,cmp a b
CMP,CMP-0x22,,x,,,,,,x,,,,,,,,,,,,,,,82,53,,,,,,,,,,,,,,,,,,,,,,,,,,0,,20008,,CMP-0x22,cmp a c
CMP,CMP-0x23,,x,,,,,,,x,,,,,,,,,,,,,,102,12,,,,,,,,,,,,,,,,,,,,,,,,,,0,,20010,,CMP-0x23,cmp a d
CMP,CMP-0x24,,,x,,,x,,,,,,,,,,,,,,,,,24,2E,,,,,,,,,,,,,,,,,,,,,,,,,,0,,2002,,CMP-0x24,cmp b a
CMP,CMP-0x25,,,x,,,,x,,,,,,,,,,,,,,,,44,41,,,,,,,,,,,,,,,,,,,,,,,,,,0,,20024,,CMP-0x25,cmp b b
CMP,CMP-0x26,,,x,,,,,x,,,,,,,,,,,,,,,84,54,,,,,,,,,,,,,,,,,,,,,,,,,,0,,2004,,CMP-0x26,cmp b c
CMP,CMP-0x27,,,x,,,,,,x,,,,,,,,,,,,,,104,13,,,,,,,,,,,,,,,,,,,,,,,,,,0,,20044,,CMP-0x27,cmp b d
CMP,CMP-0x28,,,,x,,x,,,,,,,,,,,,,,,,,28,2F,,,,,,,,,,,,,,,,,,,,,,,,,,0,,2008,,CMP-0x28,cmp c a
CMP,CMP-0x29,,,,x,,,x,,,,,,,,,,,,,,,,48,42,,,,,,,,,,,,,,,,,,,,,,,,,,0,,20084,,CMP-0x29,cmp c b
CMP,CMP-0x2A,,,,x,,,,x,,,,,,,,,,,,,,,88,55,,,,,,,,,,,,,,,,,,,,,,,,,,0,,2010,,CMP-0x2A,cmp c c
CMP,CMP-0x2B,,,,x,,,,,x,,,,,,,,,,,,,,108,16,,,,,,,,,,,,,,,,,,,,,,,,,,0,,20104,,CMP-0x2B,cmp c d
CMP,CMP-0x2C,,,,,x,x,,,,,,,,,,,,,,,,,30,30,,,,,,,,,,,,,,,,,,,,,,,,,,0,,20400,,CMP-0x2C,cmp d a
CMP,CMP-0x2D,,,,,x,,x,,,,,,,,,,,,,,,,50,43,,,,,,,,,,,,,,,,,,,,,,,,,,0,,22,,CMP-0x2D,cmp d b
CMP,CMP-0x2E,,,,,x,,,x,,,,,,,,,,,,,,,90,56,,,,,,,,,,,,,,,,,,,,,,,,,,0,,24,,CMP-0x2E,cmp d c
CMP,CMP-0x2F,,,,,x,,,,x,,,,,,,,,,,,,,110,17,,,,,,,,,,,,,,,,,,,,,,,,,,0,,28,,CMP-0x2F,cmp d d
JMP,JMP-0x30,,,,,,,,,,x,,,,,,,,,,,x,,100200,8,,JMP-0x30,,,,,,,,,,x,,x,,,,,,,,,x,,100A00,E,,30,,JMP-0x30,jmp {label}
JMP,JMP-0x31,,,,,,,,,,x,,,,,,,,,,,x,,100200,8,,JMP-0x31,,,,,,,,,,x,,x,,,,,,,,,x,,100A00,E,,4,,JMP-0x31,jmp = {label}
JMP,JMP-0x32,,,,,,,,,,x,,,,,,,,,,,x,,100200,8,,JMP-0x32,,,,,,,,,,x,,x,,,,,,,,,x,,100A00,E,,40001,,JMP-0x32,jmp != {label}
JMP,JMP-0x33,,,,,,,,,,x,,,,,,,,,,,x,,100200,8,,JMP-0x33,,,,,,,,,,x,,x,,,,,,,,,x,,100A00,E,,40002,,JMP-0x33,jmp < {label}
JMP,JMP-0x34,,,,,,,,,,x,,,,,,,,,,,x,,100200,8,,JMP-0x34,,,,,,,,,,x,,x,,,,,,,,,x,,100A00,E,,40004,,JMP-0x34,jmp <= {label}
JMP,JMP-0x35,,,,,,,,,,x,,,,,,,,,,,x,,100200,8,,JMP-0x35,,,,,,,,,,x,,x,,,,,,,,,x,,100A00,E,,40008,,JMP-0x35,jmp > {label}
JMP,JMP-0x36,,,,,,,,,,x,,,,,,,,,,,x,,100200,8,,JMP-0x36,,,,,,,,,,x,,x,,,,,,,,,x,,100A00,E,,40010,,JMP-0x36,jmp >= {label}
JMP,JMP-0x37,,,,,,,,,,x,,,,,,,,,,,x,,100200,8,,JMP-0x37,,,,,,,,,,x,,x,,,,,,,,,x,,100A00,E,,4002,,JMP-0x37,jmp .< {label}
JMP,JMP-0x38,,,,,,,,,,x,,,,,,,,,,,x,,100200,8,,JMP-0x38,,,,,,,,,,x,,x,,,,,,,,,x,,100A00,E,,40028,,JMP-0x38,jmp .<= {label}
JMP,JMP-0x39,,,,,,,,,,x,,,,,,,,,,,x,,100200,8,,JMP-0x39,,,,,,,,,,x,,x,,,,,,,,,x,,100A00,E,,4004,,JMP-0x39,jmp .> {label}
JMP,JMP-0x3A,,,,,,,,,,x,,,,,,,,,,,x,,100200,8,,JMP-0x3A,,,,,,,,,,x,,x,,,,,,,,,x,,100A00,E,,40048,,JMP-0x3A,jmp .>= {label}
JMP,JMP-0x3B,,,,,,,,,,x,,,,,,,,,,,x,,100200,8,,JMP-0x3B,,,,,,,,,,x,,x,,,,,,,,,,,A00,57,,4008,,JMP-0x3B,jmp z {number}
JMP,JMP-0x3C,,,,,,,,,,x,,,,,,,,,,,x,,100200,8,,JMP-0x3C,,,,,,,,,,x,,x,,,,,,,,,,,A00,57,,40088,,JMP-0x3C,jmp o {number}
JMP,JMP-0x3D,,,,,,,,,,x,,,,,,,,,,,x,,100200,8,,JMP-0x3D,,,,,,,,,,x,,x,,,,,,,,,,,A00,57,,4010,,JMP-0x3D,jmp c {number}
JMP,JMP-0x3E,,,,,,,,,,x,,,,,,,,,,,x,,100200,8,,JMP-0x3E,,,,,,,,,,x,,x,,,,,,,,,,,A00,57,,40108,,JMP-0x3E,jmp s {number}
JMP,JMP-0x3F,,,,,,,,,,,,,,,,,,,,,,,0,0,,JMP-0x3F,,,,,,,,,,,,,,,,,,,,,,,0,0,,40400,,JMP-0x3F,
JMP,JMP-0x40,,,,,,,,,,x,,,,,,,,,,,x,,100200,8,,JMP-0x40,,,,,,,,,,x,,x,,,,,,,,,x,,100A00,E,,42,,JMP-0x40,jmpr {number}
JMP,JMP-0x41,,,,,,,,,,x,,,,,,,,,,,x,,100200,8,,JMP-0x41,,,,,,,,,,x,,x,,,,,,,,,x,,100A00,E,,44,,JMP-0x41,jmpr = {number}
JMP,JMP-0x42,,,,,,,,,,x,,,,,,,,,,,x,,100200,8,,JMP-0x42,,,,,,,,,,x,,x,,,,,,,,,x,,100A00,E,,48,,JMP-0x42,jmpr != {number}
JMP,JMP-0x43,,,,,,,,,,x,,,,,,,,,,,x,,100200,8,,JMP-0x43,,,,,,,,,,x,,x,,,,,,,,,x,,100A00,E,,50,,JMP-0x43,jmpr < {number}
JMP,JMP-0x44,,,,,,,,,,x,,,,,,,,,,,x,,100200,8,,JMP-0x44,,,,,,,,,,x,,x,,,,,,,,,x,,100A00,E,,8,,JMP-0x44,jmpr <= {number}
JMP,JMP-0x45,,,,,,,,,,x,,,,,,,,,,,x,,100200,8,,JMP-0x45,,,,,,,,,,x,,x,,,,,,,,,x,,100A00,E,,80001,,JMP-0x45,jmpr > {number}
JMP,JMP-0x46,,,,,,,,,,x,,,,,,,,,,,x,,100200,8,,JMP-0x46,,,,,,,,,,x,,x,,,,,,,,,x,,100A00,E,,80002,,JMP-0x46,jmpr >= {number}
JMP,JMP-0x47,,,,,,,,,,x,,,,,,,,,,,x,,100200,8,,JMP-0x47,,,,,,,,,,x,,x,,,,,,,,,x,,100A00,E,,80004,,JMP-0x47,jmpr .< {number}
JMP,JMP-0x48,,,,,,,,,,x,,,,,,,,,,,x,,100200,8,,JMP-0x48,,,,,,,,,,x,,x,,,,,,,,,x,,100A00,E,,80008,,JMP-0x48,jmpr .<= {number}
JMP,JMP-0x49,,,,,,,,,,x,,,,,,,,,,,x,,100200,8,,JMP-0x49,,,,,,,,,,x,,x,,,,,,,,,x,,100A00,E,,80010,,JMP-0x49,jmpr .> {number}
JMP,JMP-0x4A,,,,,,,,,,x,,,,,,,,,,,x,,100200,8,,JMP-0x4A,,,,,,,,,,x,,x,,,,,,,,,x,,100A00,E,,8002,,JMP-0x4A,jmpr .>= {number}
JMP,JMP-0x4B,,,,,,,,,,x,,,,,,,,,,,x,,100200,8,,JMP-0x4B,,,,,,,,,,x,,x,,,,,,,,,,,A00,57,,80030,,JMP-0x4B,jmpr z {number}
JMP,JMP-0x4C,,,,,,,,,,x,,,,,,,,,,,x,,100200,8,,JMP-0x4C,,,,,,,,,,x,,x,,,,,,,,,,,A00,57,,8004,,JMP-0x4C,jmpr o {number}
JMP,JMP-0x4D,,,,,,,,,,x,,,,,,,,,,,x,,100200,8,,JMP-0x4D,,,,,,,,,,x,,x,,,,,,,,,,,A00,57,,80050,,JMP-0x4D,jmpr c {number}
JMP,JMP-0x4E,,,,,,,,,,x,,,,,,,,,,,x,,100200,8,,JMP-0x4E,,,,,,,,,,x,,x,,,,,,,,,,,A00,57,,8008,,JMP-0x4E,jmpr s {number}
JMP,JMP-0x4F,,,,,,,,,,,,,,,,,,,,,,,0,0,,JMP-0x4F,,,,,,,,,,,,,,,,,,,,,,,0,0,,80090,,JMP-0x4F,
OPP,OPP-0x50,,,,,,,,,,,,,,,,,,,,,,,0,0,,,,,,,,,,,,,,,,,,,,,,,,,,0,,8010,,OPP-0x50,opp clr
OPP,OPP-0x51,,,,,,,,,,,,,,,,,,,,,,,0,0,,,,,,,,,,,,,,,,,,,,,,,,,,0,,80110,,OPP-0x51,opp cmp off
OPP,OPP-0x52,,,,,,,,,,,,,,,,,,,,,,,0,0,,,,,,,,,,,,,,,,,,,,,,,,,,0,,80400,,OPP-0x52,opp cmp on
OPP,OPP-0x53,,,,,,,,,,,,,,,,,,,,,,,0,0,,,,,,,,,,,,,,,,,,,,,,,,,,0,,82,,OPP-0x53,opp sign off
OPP,OPP-0x54,,,,,,,,,,,,,,,,,,,,,,,0,0,,,,,,,,,,,,,,,,,,,,,,,,,,0,,84,,OPP-0x54,opp sign on
OPP,OPP-0x55,,x,,,,,,,,,,,,,,,x,,,,,,10002,3,,,,,,,,,,,,,,,,,,,,,,,,,,0,,88,,OPP-0x55,opp 0
OPP,OPP-0x56,,x,,,,,,,,,,,,,,,x,,,,,,10002,3,,,,,,,,,,,,,,,,,,,,,,,,,,0,,90,,OPP-0x56,opp 1
OPP,OPP-0x57,,x,,,,,,,,,,,,,,,x,,,,,,10002,3,,,,,,,,,,,,,,,,,,,,,,,,,,0,,A00,,OPP-0x57,opp -1
OPP,OPP-0x58,,x,,,,,,,,,,,,,,,x,,,,,,10002,3,,,,,,,,,,,,,,,,,,,,,,,,,,0,,,,OPP-0x58,opp a
OPP,OPP-0x59,,,x,,,,,,,,,,,,,,,x,,,,,20004,21,,,,,,,,,,,,,,,,,,,,,,,,,,0,,,,OPP-0x59,opp b
OPP,OPP-0x5A,,,,x,,,,,,,,,,,,,,,x,,,,40008,35,,,,,,,,,,,,,,,,,,,,,,,,,,0,,,,OPP-0x5A,opp c
OPP,OPP-0x5B,,,,,x,,,,,,,,,,,,,,,x,,,80010,49,,,,,,,,,,,,,,,,,,,,,,,,,,0,,,,OPP-0x5B,opp d
OPP,OPP-0x5C,,x,,,,,,,,,,,,,,,x,,,,,,10002,3,,,,,,,,,,,,,,,,,,,,,,,,,,0,,,,OPP-0x5C,opp ~a
OPP,OPP-0x5D,,,x,,,,,,,,,,,,,,,x,,,,,20004,21,,,,,,,,,,,,,,,,,,,,,,,,,,0,,,,OPP-0x5D,opp ~b
OPP,OPP-0x5E,,,,x,,,,,,,,,,,,,,,x,,,,40008,35,,,,,,,,,,,,,,,,,,,,,,,,,,0,,,,OPP-0x5E,opp ~c
OPP,OPP-0x5F,,,,,x,,,,,,,,,,,,,,,x,,,80010,49,,,,,,,,,,,,,,,,,,,,,,,,,,0,,,,OPP-0x5F,opp ~d
OPP,OPP-0x60,,x,,,,,,,,,,,,,,,x,,,,,,10002,3,,,,,,,,,,,,,,,,,,,,,,,,,,0,,,,OPP-0x60,opp -a
OPP,OPP-0x61,,,x,,,,,,,,,,,,,,,x,,,,,20004,21,,,,,,,,,,,,,,,,,,,,,,,,,,0,,,,OPP-0x61,opp -b
OPP,OPP-0x62,,,,x,,,,,,,,,,,,,,,x,,,,40008,35,,,,,,,,,,,,,,,,,,,,,,,,,,0,,,,OPP-0x62,opp -c
OPP,OPP-0x63,,,,,x,,,,,,,,,,,,,,,x,,,80010,49,,,,,,,,,,,,,,,,,,,,,,,,,,0,,,,OPP-0x63,opp -d
OPP,OPP-0x64,,x,,,,,,,,,,,,,,,x,,,,,,10002,3,,,,,,,,,,,,,,,,,,,,,,,,,,0,,,,OPP-0x64,opp a+1
OPP,OPP-0x65,,,x,,,,,,,,,,,,,,,x,,,,,20004,21,,,,,,,,,,,,,,,,,,,,,,,,,,0,,,,OPP-0x65,opp b+1
OPP,OPP-0x66,,,,x,,,,,,,,,,,,,,,x,,,,40008,35,,,,,,,,,,,,,,,,,,,,,,,,,,0,,,,OPP-0x66,opp c+1
OPP,OPP-0x67,,,,,x,,,,,,,,,,,,,,,x,,,80010,49,,,,,,,,,,,,,,,,,,,,,,,,,,0,,,,OPP-0x67,opp d+1
OPP,OPP-0x68,,x,,,,,,,,,,,,,,,x,,,,,,10002,3,,,,,,,,,,,,,,,,,,,,,,,,,,0,,,,OPP-0x68,opp a-1
OPP,OPP-0x69,,,x,,,,,,,,,,,,,,,x,,,,,20004,21,,,,,,,,,,,,,,,,,,,,,,,,,,0,,,,OPP-0x69,opp b-1
OPP,OPP-0x6A,,,,x,,,,,,,,,,,,,,,x,,,,40008,35,,,,,,,,,,,,,,,,,,,,,,,,,,0,,,,OPP-0x6A,opp c-1
OPP,OPP-0x6B,,,,,x,,,,,,,,,,,,,,,x,,,80010,49,,,,,,,,,,,,,,,,,,,,,,,,,,0,,,,OPP-0x6B,opp d-1
OPP,OPP-0x6C,,x,,,,,x,,,,,,,,,,x,,,,,,10042,B,,,,,,,,,,,,,,,,,,,,,,,,,,0,,,,OPP-0x6C,opp a+b
OPP,OPP-0x6D,,x,,,,,,x,,,,,,,,,x,,,,,,10082,D,,,,,,,,,,,,,,,,,,,,,,,,,,0,,,,OPP-0x6D,opp a+c
OPP,OPP-0x6E,,x,,,,,,,x,,,,,,,,x,,,,,,10102,10,,,,,,,,,,,,,,,,,,,,,,,,,,0,,,,OPP-0x6E,opp a+d
OPP,OPP-0x6F,,,x,,,x,,,,,,,,,,,,x,,,,,20024,25,,,,,,,,,,,,,,,,,,,,,,,,,,0,,,,OPP-0x6F,opp b+a
OPP,OPP-0x70,,,x,,,,,x,,,,,,,,,,x,,,,,20084,29,,,,,,,,,,,,,,,,,,,,,,,,,,0,,,,OPP-0x70,opp b+c
OPP,OPP-0x71,,,x,,,,,,x,,,,,,,,,x,,,,,20104,2B,,,,,,,,,,,,,,,,,,,,,,,,,,0,,,,OPP-0x71,opp b+d
OPP,OPP-0x72,,,,x,,x,,,,,,,,,,,,,x,,,,40028,38,,,,,,,,,,,,,,,,,,,,,,,,,,0,,,,OPP-0x72,opp c+a
OPP,OPP-0x73,,,,x,,,x,,,,,,,,,,,,x,,,,40048,3A,,,,,,,,,,,,,,,,,,,,,,,,,,0,,,,OPP-0x73,opp c+b
OPP,OPP-0x74,,,,x,,,,,x,,,,,,,,,,x,,,,40108,3E,,,,,,,,,,,,,,,,,,,,,,,,,,0,,,,OPP-0x74,opp c+d
OPP,OPP-0x75,,,,,x,x,,,,,,,,,,,,,,x,,,80030,4B,,,,,,,,,,,,,,,,,,,,,,,,,,0,,,,OPP-0x75,opp d+a
OPP,OPP-0x76,,,,,x,,x,,,,,,,,,,,,,x,,,80050,4D,,,,,,,,,,,,,,,,,,,,,,,,,,0,,,,OPP-0x76,opp d+b
OPP,OPP-0x77,,,,,x,,,x,,,,,,,,,,,,x,,,80090,4F,,,,,,,,,,,,,,,,,,,,,,,,,,0,,,,OPP-0x77,opp d+c
OPP,OPP-0x78,,x,,,,,x,,,,,,,,,,x,,,,,,10042,B,,,,,,,,,,,,,,,,,,,,,,,,,,0,,,,OPP-0x78,opp a-b
OPP,OPP-0x79,,x,,,,,,x,,,,,,,,,x,,,,,,10082,D,,,,,,,,,,,,,,,,,,,,,,,,,,0,,,,OPP-0x79,opp a-c
OPP,OPP-0x7A,,x,,,,,,,x,,,,,,,,x,,,,,,10102,10,,,,,,,,,,,,,,,,,,,,,,,,,,0,,,,OPP-0x7A,opp a-d
OPP,OPP-0x7B,,,x,,,x,,,,,,,,,,,,x,,,,,20024,25,,,,,,,,,,,,,,,,,,,,,,,,,,0,,,,OPP-0x7B,opp b-a
OPP,OPP-0x7C,,,x,,,,,x,,,,,,,,,,x,,,,,20084,29,,,,,,,,,,,,,,,,,,,,,,,,,,0,,,,OPP-0x7C,opp b-c
OPP,OPP-0x7D,,,x,,,,,,x,,,,,,,,,x,,,,,20104,2B,,,,,,,,,,,,,,,,,,,,,,,,,,0,,,,OPP-0x7D,opp b-d
OPP,OPP-0x7E,,,,x,,x,,,,,,,,,,,,,x,,,,40028,38,,,,,,,,,,,,,,,,,,,,,,,,,,0,,,,OPP-0x7E,opp c-a
OPP,OPP-0x7F,,,,x,,,x,,,,,,,,,,,,x,,,,40048,3A,,,,,,,,,,,,,,,,,,,,,,,,,,0,,,,OPP-0x7F,opp c-b
OPP,OPP-0x80,,,,x,,,,,x,,,,,,,,,,x,,,,40108,3E,,,,,,,,,,,,,,,,,,,,,,,,,,0,,,,OPP-0x80,opp c-d
OPP,OPP-0x81,,,,,x,x,,,,,,,,,,,,,,x,,,80030,4B,,,,,,,,,,,,,,,,,,,,,,,,,,0,,,,OPP-0x81,opp d-a
OPP,OPP-0x82,,,,,x,,x,,,,,,,,,,,,,x,,,80050,4D,,,,,,,,,,,,,,,,,,,,,,,,,,0,,,,OPP-0x82,opp d-b
OPP,OPP-0x83,,,,,x,,,x,,,,,,,,,,,,x,,,80090,4F,,,,,,,,,,,,,,,,,,,,,,,,,,0,,,,OPP-0x83,opp d-c
OPP,OPP-0x84,,x,,,,x,,,,,,,,,,,x,,,,,,10022,9,,,,,,,,,,,,,,,,,,,,,,,,,,0,,,,OPP-0x84,opp a*a
OPP,OPP-0x85,,x,,,,,x,,,,,,,,,,x,,,,,,10042,B,,,,,,,,,,,,,,,,,,,,,,,,,,0,,,,OPP-0x85,opp a*b
OPP,OPP-0x86,,x,,,,,,x,,,,,,,,,x,,,,,,10082,D,,,,,,,,,,,,,,,,,,,,,,,,,,0,,,,OPP-0x86,opp a*c
OPP,OPP-0x87,,x,,,,,,,x,,,,,,,,x,,,,,,10102,10,,,,,,,,,,,,,,,,,,,,,,,,,,0,,,,OPP-0x87,opp a*d
OPP,OPP-0x88,,,x,,,x,,,,,,,,,,,,x,,,,,20024,25,,,,,,,,,,,,,,,,,,,,,,,,,,0,,,,OPP-0x88,opp b*a
OPP,OPP-0x89,,,x,,,,x,,,,,,,,,,,x,,,,,20044,27,,,,,,,,,,,,,,,,,,,,,,,,,,0,,,,OPP-0x89,opp b*b
OPP,OPP-0x8A,,,x,,,,,x,,,,,,,,,,x,,,,,20084,29,,,,,,,,,,,,,,,,,,,,,,,,,,0,,,,OPP-0x8A,opp b*c
OPP,OPP-0x8B,,,x,,,,,,x,,,,,,,,,x,,,,,20104,2B,,,,,,,,,,,,,,,,,,,,,,,,,,0,,,,OPP-0x8B,opp b*d
OPP,OPP-0x8C,,,,x,,x,,,,,,,,,,,,,x,,,,40028,38,,,,,,,,,,,,,,,,,,,,,,,,,,0,,,,OPP-0x8C,opp c*a
OPP,OPP-0x8D,,,,x,,,x,,,,,,,,,,,,x,,,,40048,3A,,,,,,,,,,,,,,,,,,,,,,,,,,0,,,,OPP-0x8D,opp c*b
OPP,OPP-0x8E,,,,x,,,,x,,,,,,,,,,,x,,,,40088,3C,,,,,,,,,,,,,,,,,,,,,,,,,,0,,,,OPP-0x8E,opp c*c
OPP,OPP-0x8F,,,,x,,,,,x,,,,,,,,,,x,,,,40108,3E,,,,,,,,,,,,,,,,,,,,,,,,,,0,,,,OPP-0x8F,opp c*d
OPP,OPP-0x90,,,,,x,x,,,,,,,,,,,,,,x,,,80030,4B,,,,,,,,,,,,,,,,,,,,,,,,,,0,,,,OPP-0x90,opp d*a
OPP,OPP-0x91,,,,,x,,x,,,,,,,,,,,,,x,,,80050,4D,,,,,,,,,,,,,,,,,,,,,,,,,,0,,,,OPP-0x91,opp d*b
OPP,OPP-0x92,,,,,x,,,x,,,,,,,,,,,,x,,,80090,4F,,,,,,,,,,,,,,,,,,,,,,,,,,0,,,,OPP-0x92,opp d*c
OPP,OPP-0x93,,,,,x,,,,x,,,,,,,,,,,x,,,80110,51,,,,,,,,,,,,,,,,,,,,,,,,,,0,,,,OPP-0x93,opp d*d
OPP,OPP-0x94,,x,,,,x,,,,,,,,,,,x,,,,,,10022,9,,,,,,,,,,,,,,,,,,,,,,,,,,0,,,,OPP-0x94,opp a.*a
OPP,OPP-0x95,,x,,,,,x,,,,,,,,,,x,,,,,,10042,B,,,,,,,,,,,,,,,,,,,,,,,,,,0,,,,OPP-0x95,opp a.*b
OPP,OPP-0x96,,x,,,,,,x,,,,,,,,,x,,,,,,10082,D,,,,,,,,,,,,,,,,,,,,,,,,,,0,,,,OPP-0x96,opp a.*c
OPP,OPP-0x97,,x,,,,,,,x,,,,,,,,x,,,,,,10102,10,,,,,,,,,,,,,,,,,,,,,,,,,,0,,,,OPP-0x97,opp a.*d
OPP,OPP-0x98,,,x,,,x,,,,,,,,,,,,x,,,,,20024,25,,,,,,,,,,,,,,,,,,,,,,,,,,0,,,,OPP-0x98,opp b.*a
OPP,OPP-0x99,,,x,,,,x,,,,,,,,,,,x,,,,,20044,27,,,,,,,,,,,,,,,,,,,,,,,,,,0,,,,OPP-0x99,opp b.*b
OPP,OPP-0x9A,,,x,,,,,x,,,,,,,,,,x,,,,,20084,29,,,,,,,,,,,,,,,,,,,,,,,,,,0,,,,OPP-0x9A,opp b.*c
OPP,OPP-0x9B,,,x,,,,,,x,,,,,,,,,x,,,,,20104,2B,,,,,,,,,,,,,,,,,,,,,,,,,,0,,,,OPP-0x9B,opp b.*d
OPP,OPP-0x9C,,,,x,,x,,,,,,,,,,,,,x,,,,40028,38,,,,,,,,,,,,,,,,,,,,,,,,,,0,,,,OPP-0x9C,opp c.*a
OPP,OPP-0x9D,,,,x,,,x,,,,,,,,,,,,x,,,,40048,3A,,,,,,,,,,,,,,,,,,,,,,,,,,0,,,,OPP-0x9D,opp c.*b
OPP,OPP-0x9E,,,,x,,,,x,,,,,,,,,,,x,,,,40088,3C,,,,,,,,,,,,,,,,,,,,,,,,,,0,,,,OPP-0x9E,opp c.*c
OPP,OPP-0x9F,,,,x,,,,,x,,,,,,,,,,x,,,,40108,3E,,,,,,,,,,,,,,,,,,,,,,,,,,0,,,,OPP-0x9F,opp c.*d
OPP,OPP-0xA0,,,,,x,x,,,,,,,,,,,,,,x,,,80030,4B,,,,,,,,,,,,,,,,,,,,,,,,,,0,,,,OPP-0xA0,opp d.*a
OPP,OPP-0xA1,,,,,x,,x,,,,,,,,,,,,,x,,,80050,4D,,,,,,,,,,,,,,,,,,,,,,,,,,0,,,,OPP-0xA1,opp d.*b
OPP,OPP-0xA2,,,,,x,,,x,,,,,,,,,,,,x,,,80090,4F,,,,,,,,,,,,,,,,,,,,,,,,,,0,,,,OPP-0xA2,opp d.*c
OPP,OPP-0xA3,,,,,x,,,,x,,,,,,,,,,,x,,,80110,51,,,,,,,,,,,,,,,,,,,,,,,,,,0,,,,OPP-0xA3,opp d.*d
OPP,OPP-0xA4,,x,,,,,x,,,,,,,,,,x,,,,,,10042,B,,,,,,,,,,,,,,,,,,,,,,,,,,0,,,,OPP-0xA4,opp a/b
OPP,OPP-0xA5,,x,,,,,,x,,,,,,,,,x,,,,,,10082,D,,,,,,,,,,,,,,,,,,,,,,,,,,0,,,,OPP-0xA5,opp a/c
OPP,OPP-0xA6,,x,,,,,,,x,,,,,,,,x,,,,,,10102,10,,,,,,,,,,,,,,,,,,,,,,,,,,0,,,,OPP-0xA6,opp a/d
OPP,OPP-0xA7,,,x,,,x,,,,,,,,,,,,x,,,,,20024,25,,,,,,,,,,,,,,,,,,,,,,,,,,0,,,,OPP-0xA7,opp b/a
OPP,OPP-0xA8,,,x,,,,,x,,,,,,,,,,x,,,,,20084,29,,,,,,,,,,,,,,,,,,,,,,,,,,0,,,,OPP-0xA8,opp b/c
OPP,OPP-0xA9,,,x,,,,,,x,,,,,,,,,x,,,,,20104,2B,,,,,,,,,,,,,,,,,,,,,,,,,,0,,,,OPP-0xA9,opp b/d
OPP,OPP-0xAA,,,,x,,x,,,,,,,,,,,,,x,,,,40028,38,,,,,,,,,,,,,,,,,,,,,,,,,,0,,,,OPP-0xAA,opp c/a
OPP,OPP-0xAB,,,,x,,,x,,,,,,,,,,,,x,,,,40048,3A,,,,,,,,,,,,,,,,,,,,,,,,,,0,,,,OPP-0xAB,opp c/b
OPP,OPP-0xAC,,,,x,,,,,x,,,,,,,,,,x,,,,40108,3E,,,,,,,,,,,,,,,,,,,,,,,,,,0,,,,OPP-0xAC,opp c/d
OPP,OPP-0xAD,,,,,x,x,,,,,,,,,,,,,,x,,,80030,4B,,,,,,,,,,,,,,,,,,,,,,,,,,0,,,,OPP-0xAD,opp d/a
OPP,OPP-0xAE,,,,,x,,x,,,,,,,,,,,,,x,,,80050,4D,,,,,,,,,,,,,,,,,,,,,,,,,,0,,,,OPP-0xAE,opp d/b
OPP,OPP-0xAF,,,,,x,,,x,,,,,,,,,,,,x,,,80090,4F,,,,,,,,,,,,,,,,,,,,,,,,,,0,,,,OPP-0xAF,opp d/c
OPP,OPP-0xB0,,x,,,,,x,,,,,,,,,,x,,,,,,10042,B,,,,,,,,,,,,,,,,,,,,,,,,,,0,,,,OPP-0xB0,opp a&b
OPP,OPP-0xB1,,x,,,,,,x,,,,,,,,,x,,,,,,10082,D,,,,,,,,,,,,,,,,,,,,,,,,,,0,,,,OPP-0xB1,opp a&c
OPP,OPP-0xB2,,x,,,,,,,x,,,,,,,,x,,,,,,10102,10,,,,,,,,,,,,,,,,,,,,,,,,,,0,,,,OPP-0xB2,opp a&d
OPP,OPP-0xB3,,,x,,,,,x,,,,,,,,,,x,,,,,20084,29,,,,,,,,,,,,,,,,,,,,,,,,,,0,,,,OPP-0xB3,opp b&c
OPP,OPP-0xB4,,,x,,,,,,x,,,,,,,,,x,,,,,20104,2B,,,,,,,,,,,,,,,,,,,,,,,,,,0,,,,OPP-0xB4,opp b&d
OPP,OPP-0xB5,,,,x,,,,,x,,,,,,,,,,x,,,,40108,3E,,,,,,,,,,,,,,,,,,,,,,,,,,0,,,,OPP-0xB5,opp c&d
OPP,OPP-0xB6,,x,,,,,x,,,,,,,,,,x,,,,,,10042,B,,,,,,,,,,,,,,,,,,,,,,,,,,0,,,,OPP-0xB6,opp a|b
OPP,OPP-0xB7,,x,,,,,,x,,,,,,,,,x,,,,,,10082,D,,,,,,,,,,,,,,,,,,,,,,,,,,0,,,,OPP-0xB7,opp a|c
OPP,OPP-0xB8,,x,,,,,,,x,,,,,,,,x,,,,,,10102,10,,,,,,,,,,,,,,,,,,,,,,,,,,0,,,,OPP-0xB8,opp a|d
OPP,OPP-0xB9,,,x,,,,,x,,,,,,,,,,x,,,,,20084,29,,,,,,,,,,,,,,,,,,,,,,,,,,0,,,,OPP-0xB9,opp b|c
OPP,OPP-0xBA,,,x,,,,,,x,,,,,,,,,x,,,,,20104,2B,,,,,,,,,,,,,,,,,,,,,,,,,,0,,,,OPP-0xBA,opp b|d
OPP,OPP-0xBB,,,,x,,,,,x,,,,,,,,,,x,,,,40108,3E,,,,,,,,,,,,,,,,,,,,,,,,,,0,,,,OPP-0xBB,opp c|d
OPP,OPP-0xBC,,,,,,,,,,,,,,,,,,,,,,,0,0,,,,,,,,,,,,,,,,,,,,,,,,,,0,,,,OPP-0xBC,
OPP,OPP-0xBD,,,,,,,,,,,,,,,,,,,,,,,0,0,,,,,,,,,,,,,,,,,,,,,,,,,,0,,,,OPP-0xBD,
OPP,OPP-0xBE,,,,,,,,,,,,,,,,,,,,,,,0,0,,,,,,,,,,,,,,,,,,,,,,,,,,0,,,,OPP-0xBE,
OPP,OPP-0xBF,,,,,,,,,,,,,,,,,,,,,,,0,0,,,,,,,,,,,,,,,,,,,,,,,,,,0,,,,OPP-0xBF,
LOAD,LOAD-0xC0,,x,,,,,,,,,,,,,x,,,,,,,,4002,37,,LOAD-0xC0,,,,,,,,,,,x,,,,,,x,,,,,,10400,14,,,,LOAD-0xC0,load ram[a] a
LOAD,LOAD-0xC1,,x,,,,,,,,,,,,,x,,,,,,,,4002,37,,LOAD-0xC1,,,,,,,,,,,x,,,,,,,x,,,,,20400,2C,,,,LOAD-0xC1,load ram[a] b
LOAD,LOAD-0xC2,,x,,,,,,,,,,,,,x,,,,,,,,4002,37,,LOAD-0xC2,,,,,,,,,,,x,,,,,,,,x,,,,40400,3F,,,,LOAD-0xC2,load ram[a] c
LOAD,LOAD-0xC3,,x,,,,,,,,,,,,,x,,,,,,,,4002,37,,LOAD-0xC3,,,,,,,,,,,x,,,,,,,,,x,,,80400,52,,,,LOAD-0xC3,load ram[a] d
LOAD,LOAD-0xC4,,,x,,,,,,,,,,,,x,,,,,,,,4004,39,,LOAD-0xC4,,,,,,,,,,,x,,,,,,x,,,,,,10400,14,,,,LOAD-0xC4,load ram[b] a
LOAD,LOAD-0xC5,,,x,,,,,,,,,,,,x,,,,,,,,4004,39,,LOAD-0xC5,,,,,,,,,,,x,,,,,,,x,,,,,20400,2C,,,,LOAD-0xC5,load ram[b] b
LOAD,LOAD-0xC6,,,x,,,,,,,,,,,,x,,,,,,,,4004,39,,LOAD-0xC6,,,,,,,,,,,x,,,,,,,,x,,,,40400,3F,,,,LOAD-0xC6,load ram[b] c
LOAD,LOAD-0xC7,,,x,,,,,,,,,,,,x,,,,,,,,4004,39,,LOAD-0xC7,,,,,,,,,,,x,,,,,,,,,x,,,80400,52,,,,LOAD-0xC7,load ram[b] d
LOAD,LOAD-0xC8,,,,x,,,,,,,,,,,x,,,,,,,,4008,3B,,LOAD-0xC8,,,,,,,,,,,x,,,,,,x,,,,,,10400,14,,,,LOAD-0xC8,load ram[c] a
LOAD,LOAD-0xC9,,,,x,,,,,,,,,,,x,,,,,,,,4008,3B,,LOAD-0xC9,,,,,,,,,,,x,,,,,,,x,,,,,20400,2C,,,,LOAD-0xC9,load ram[c] b
LOAD,LOAD-0xCA,,,,x,,,,,,,,,,,x,,,,,,,,4008,3B,,LOAD-0xCA,,,,,,,,,,,x,,,,,,,,x,,,,40400,3F,,,,LOAD-0xCA,load ram[c] c
LOAD,LOAD-0xCB,,,,x,,,,,,,,,,,x,,,,,,,,4008,3B,,LOAD-0xCB,,,,,,,,,,,x,,,,,,,,,x,,,80400,52,,,,LOAD-0xCB,load ram[c] d
LOAD,LOAD-0xCC,,,,,x,,,,,,,,,,x,,,,,,,,4010,3D,,LOAD-0xCC,,,,,,,,,,,x,,,,,,x,,,,,,10400,14,,,,LOAD-0xCC,load ram[d] a
LOAD,LOAD-0xCD,,,,,x,,,,,,,,,,x,,,,,,,,4010,3D,,LOAD-0xCD,,,,,,,,,,,x,,,,,,,x,,,,,20400,2C,,,,LOAD-0xCD,load ram[d] b
LOAD,LOAD-0xCE,,,,,x,,,,,,,,,,x,,,,,,,,4010,3D,,LOAD-0xCE,,,,,,,,,,,x,,,,,,,,x,,,,40400,3F,,,,LOAD-0xCE,load ram[d] c
LOAD,LOAD-0xCF,,,,,x,,,,,,,,,,x,,,,,,,,4010,3D,,LOAD-0xCF,,,,,,,,,,,x,,,,,,,,,x,,,80400,52,,,,LOAD-0xCF,load ram[d] d
LOAD,LOAD-0xD0,,,,,,,,,,x,,,,,,,x,,,,x,,110200,18,,LOAD-0xD0,,,,,,,,,,,,,,,,,,,,,,,0,0,,,,LOAD-0xD0,load rom a {number}
LOAD,LOAD-0xD1,,,,,,,,,,x,,,,,,,,x,,,x,,120200,19,,LOAD-0xD1,,,,,,,,,,,,,,,,,,,,,,,0,0,,,,LOAD-0xD1,load rom b {number}
LOAD,LOAD-0xD2,,,,,,,,,,x,,,,,,,,,x,,x,,140200,1B,,LOAD-0xD2,,,,,,,,,,,,,,,,,,,,,,,0,0,,,,LOAD-0xD2,load rom c {number}
LOAD,LOAD-0xD3,,,,,,,,,,x,,,,,,,,,,x,x,,180200,1C,,LOAD-0xD3,,,,,,,,,,,,,,,,,,,,,,,0,0,,,,LOAD-0xD3,load rom d {number}
LOAD,LOAD-0xD4,,,,,,,,,,x,,,,,x,,,,,,x,,104200,15,,LOAD-0xD4,,,,,,,,,,,x,,,,,,x,,,,,,10400,14,,,,LOAD-0xD4,load ram[{number}] a
LOAD,LOAD-0xD5,,,,,,,,,,x,,,,,x,,,,,,x,,104200,15,,LOAD-0xD5,,,,,,,,,,,x,,,,,,,x,,,,,20400,2C,,,,LOAD-0xD5,load ram[{number}] b
LOAD,LOAD-0xD6,,,,,,,,,,x,,,,,x,,,,,,x,,104200,15,,LOAD-0xD6,,,,,,,,,,,x,,,,,,,,x,,,,40400,3F,,,,LOAD-0xD6,load ram[{number}] c
LOAD,LOAD-0xD7,,,,,,,,,,x,,,,,x,,,,,,x,,104200,15,,LOAD-0xD7,,,,,,,,,,,x,,,,,,,,,x,,,80400,52,,,,LOAD-0xD7,load ram[{number}] d
LOAD,LOAD-0xD8,,x,,,,,,,,,,,,,,x,,,,,,,8002,4A,,LOAD-0xD8,,,,,,,,,,,,,,,,,,,,,,,0,0,,,,LOAD-0xD8,set a rampage
LOAD,LOAD-0xD9,,,x,,,,,,,,,,,,,x,,,,,,,8004,4C,,LOAD-0xD9,,,,,,,,,,,,,,,,,,,,,,,0,0,,,,LOAD-0xD9,set b rampage
LOAD,LOAD-0xDA,,,,x,,,,,,,,,,,,x,,,,,,,8008,4E,,LOAD-0xDA,,,,,,,,,,,,,,,,,,,,,,,0,0,,,,LOAD-0xDA,set c rampage
LOAD,LOAD-0xDB,,,,,x,,,,,,,,,,,x,,,,,,,8010,50,,LOAD-0xDB,,,,,,,,,,,,,,,,,,,,,,,0,0,,,,LOAD-0xDB,set d rampage
LOAD,LOAD-0xDC,,,,,,,,,,,,,,,,,,,,,,,0,0,,LOAD-0xDC,,,,,,,,,,,,,,,,,,,,,,,0,0,,,,LOAD-0xDC,
LOAD,LOAD-0xDD,,,,,,,,,,,,,,,,,,,,,,,0,0,,LOAD-0xDD,,,,,,,,,,,,,,,,,,,,,,,0,0,,,,LOAD-0xDD,
LOAD,LOAD-0xDE,,,,,,,,,,,,,,,,,,,,,,,0,0,,LOAD-0xDE,,,,,,,,,,,,,,,,,,,,,,,0,0,,,,LOAD-0xDE,
LOAD,LOAD-0xDF,,,,,,,,,,,,,,,,,,,,,,,0,0,,LOAD-0xDF,,,,,,,,,,,,,,,,,,,,,,,0,0,,,,LOAD-0xDF,
SAVE,SAVE-0xE0,,x,,,,,,,,,,,,,x,,,,,,,,4002,37,,SAVE-0xE0,,,,,,,,,,,,,,,,,,,,,,,0,0,,,,SAVE-0xE0,save a mar
SAVE,SAVE-0xE1,,,x,,,,,,,,,,,,x,,,,,,,,4004,39,,SAVE-0xE1,,,,,,,,,,,,,,,,,,,,,,,0,0,,,,SAVE-0xE1,save b mar
SAVE,SAVE-0xE2,,,,x,,,,,,,,,,,x,,,,,,,,4008,3B,,SAVE-0xE2,,,,,,,,,,,,,,,,,,,,,,,0,0,,,,SAVE-0xE2,save c mar
SAVE,SAVE-0xE3,,,,,x,,,,,,,,,,x,,,,,,,,4010,3D,,SAVE-0xE3,,,,,,,,,,,,,,,,,,,,,,,0,0,,,,SAVE-0xE3,save d mar
SAVE,SAVE-0xE4,,x,,,,,,,,,,,,x,,,,,,,,,2002,24,,SAVE-0xE4,,,,,,,,,,,,,,,,,,,,,,,0,0,,,,SAVE-0xE4,save a ram[current]
SAVE,SAVE-0xE5,,,x,,,,,,,,,,,x,,,,,,,,,2004,26,,SAVE-0xE5,,,,,,,,,,,,,,,,,,,,,,,0,0,,,,SAVE-0xE5,save b ram[current]
SAVE,SAVE-0xE6,,,,x,,,,,,,,,,x,,,,,,,,,2008,28,,SAVE-0xE6,,,,,,,,,,,,,,,,,,,,,,,0,0,,,,SAVE-0xE6,save c ram[current]
SAVE,SAVE-0xE7,,,,,x,,,,,,,,,x,,,,,,,,,2010,2A,,SAVE-0xE7,,,,,,,,,,,,,,,,,,,,,,,0,0,,,,SAVE-0xE7,save d ram[current]
SAVE,SAVE-0xE8,,x,,,,,,,,,,,,,x,,,,,,,,4002,37,,SAVE-0xE8,,x,,,,,,,,,,,,x,,,,,,,,,2002,24,,,,SAVE-0xE8,save a ram[a]
SAVE,SAVE-0xE9,,,x,,,,,,,,,,,,x,,,,,,,,4004,39,,SAVE-0xE9,,,x,,,,,,,,,,,x,,,,,,,,,2004,26,,,,SAVE-0xE9,save b ram[c]
SAVE,SAVE-0xEA,,,,x,,,,,,,,,,,x,,,,,,,,4008,3B,,SAVE-0xEA,,,,x,,,,,,,,,,x,,,,,,,,,2008,28,,,,SAVE-0xEA,save c ram[d]
SAVE,SAVE-0xEB,,,,,x,,,,,,,,,,x,,,,,,,,4010,3D,,SAVE-0xEB,,,,,x,,,,,,,,,x,,,,,,,,,2010,2A,,,,SAVE-0xEB,save d ram[d]
SAVE,SAVE-0xEC,,,,,,,,,,x,,,,,x,,,,,,x,,104200,15,,SAVE-0xEC,,x,,,,,,,,,,,,x,,,,,,,,,2002,24,,,,SAVE-0xEC,save a ram[{number}]
SAVE,SAVE-0xED,,,,,,,,,,x,,,,,x,,,,,,x,,104200,15,,SAVE-0xED,,,x,,,,,,,,,,,x,,,,,,,,,2004,26,,,,SAVE-0xED,save b ram[{number}]
SAVE,SAVE-0xEE,,,,,,,,,,x,,,,,x,,,,,,x,,104200,15,,SAVE-0xEE,,,,x,,,,,,,,,,x,,,,,,,,,2008,28,,,,SAVE-0xEE,save c ram[{number}]
SAVE,SAVE-0xEF,,,,,,,,,,x,,,,,x,,,,,,x,,104200,15,,SAVE-0xEF,,,,,x,,,,,,,,,x,,,,,,,,,2010,2A,,,,SAVE-0xEF,save d ram[{number}]
IN/OUT,IN/OUT-0xF0,x,,,,,,,,,,,,,,,,x,,,,,,10001,2,,,,,,,,,,,,,,,,,,,,,,,,,,0,,,,IN/OUT-0xF0,in a
IN/OUT,IN/OUT-0xF1,x,,,,,,,,,,,,,,,,,x,,,,,20001,1F,,,,,,,,,,,,,,,,,,,,,,,,,,0,,,,IN/OUT-0xF1,in b
IN/OUT,IN/OUT-0xF2,x,,,,,,,,,,,,,,,,,,x,,,,40001,32,,,,,,,,,,,,,,,,,,,,,,,,,,0,,,,IN/OUT-0xF2,in c
IN/OUT,IN/OUT-0xF3,x,,,,,,,,,,,,,,,,,,,x,,,80001,45,,,,,,,,,,,,,,,,,,,,,,,,,,0,,,,IN/OUT-0xF3,in d
IN/OUT,IN/OUT-0xF4,,x,,,,,,,,,,,x,,,,,,,,,,1002,7,,,,,,,,,,,,,,,,,,,,,,,,,,0,,,,IN/OUT-0xF4,out a
IN/OUT,IN/OUT-0xF5,,,x,,,,,,,,,,x,,,,,,,,,,1004,A,,,,,,,,,,,,,,,,,,,,,,,,,,0,,,,IN/OUT-0xF5,out b
IN/OUT,IN/OUT-0xF6,,,,x,,,,,,,,,x,,,,,,,,,,1008,C,,,,,,,,,,,,,,,,,,,,,,,,,,0,,,,IN/OUT-0xF6,out c
IN/OUT,IN/OUT-0xF7,,,,,x,,,,,,,,x,,,,,,,,,,1010,F,,,,,,,,,,,,,,,,,,,,,,,,,,0,,,,IN/OUT-0xF7,out d
IN/OUT,IN/OUT-0xF8,,,,,,,,,,x,,,x,,,,,,,,x,,101200,11,,,,,,,,,,,,,,,,,,,,,,,,,,0,,,,IN/OUT-0xF8,out {number}
IN/OUT,IN/OUT-0xF9,,,,,,,,,,x,,,,,x,,,,,,x,,104200,15,,,,,,,,,,,,,x,,x,,,,,,,,,,1400,1A,,,,IN/OUT-0xF9,out ram[{number}]
IN/OUT,IN/OUT-0xFA,,x,,,,,,,,,,,,,x,,,,,,,,4002,37,,,,,,,,,,,,,x,,x,,,,,,,,,,1400,1A,,,,IN/OUT-0xFA,out ram[a]
IN/OUT,IN/OUT-0xFB,,,x,,,,,,,,,,,,x,,,,,,,,4004,39,,,,,,,,,,,,,x,,x,,,,,,,,,,1400,1A,,,,IN/OUT-0xFB,out ram[b]
IN/OUT,IN/OUT-0xFC,,,,x,,,,,,,,,,,x,,,,,,,,4008,3B,,,,,,,,,,,,,x,,x,,,,,,,,,,1400,1A,,,,IN/OUT-0xFC,out ram[c]
IN/OUT,IN/OUT-0xFD,,,,,x,,,,,,,,,,x,,,,,,,,4010,3D,,,,,,,,,,,,,x,,x,,,,,,,,,,1400,1A,,,,IN/OUT-0xFD,out ram[d]
IN/OUT,IN/OUT-0xFE,,,,,,,,,,,,,,,,,,,,,,,0,0,,,,,,,,,,,,,,,,,,,,,,,,,,0,,,,IN/OUT-0xFE,
HALT,HALT-0xFF,,,,,,,,,,,,,,,,,,,,,,x,200000,1E,,,,,,,,,,,,,,,,,,,,,,,,,,0,,,,HALT-0xFF,pause